양파,393
소금,346
다진마늘,267
설탕,227
마늘,200
물,186
당근,179
후춧가루,155
참기름,152
식초,151
대파,135
달걀,120
간장,100
식용유,98
홍고추,90
우유,89
두부,89
토마토,83
밀가루,81
버터,80
감자,80
파프리카,74
저염간장,73
표고버섯,72
통깨,70
레몬즙,70
올리브오일,69
오이,68
꿀,68
고춧가루,68
올리브유,66
사과,63
생크림,63
무,61
애호박,59
깻잎,59
청양고추,59
후추,57
레몬,56
생강,54
배,54
미나리,52
단호박,51
방울토마토,51
시금치,50
새우,49
가지,49
다시마,48
새송이버섯,46
쌀,46
올리고당,46
청고추,44
돼지고기,44
부추,43
고추장,43
닭가슴살,43
밥,42
소고기,40
닭고기,39
찹쌀가루,39
고구마,38
파,37
전분,37
호두,37
양송이버섯,36
팽이버섯,34
대추,34
된장,33
브로콜리,33
흰후추,32
마늘다진것,32
맛술,31
마요네즈,31
느타리버섯,30
빵가루,30
맛간장,30
계란,29
참깨,28
양배추,27
잣,26
통후추,25
카레가루,25
청주,25
오렌지,24
유자청,24
월계수잎,23
땅콩,23
오징어,23
바질,23
숙주,22
쪽파,22
바나나,22
물엿,22
녹말가루,22
청피망,22
매실액,22
파슬리가루,21
아몬드,21
양상추,21
배추,21
육수,21
아스파라거스,20
흑임자,20
파인애플,20
튀김기름,20
멸치,19
로즈마리,19
찹쌀,19
연어,19
홍피망,18
국간장,18
생강즙,18
김치,18
매실청,18
연근,18
생강청,18
무순,17
실파,17
콩나물,17
샐러리,17
들기름,17
다진양파,16
닭육수,16
풋고추,16
강력분,16
현미,15
발사믹식초,15
깨소금,15
양송이,15
들깻가루,15
베이컨,15
청경채,15
파마산치즈,15
비트,15
정종,15
치즈,15
양파다진것,14
주꾸미,14
불린,14
어린잎,14
피망,14
우엉,14
완두콩,14
후추적당량,13
요거트,13
아보카도,13
김,13
계피가루,12
참나물,12
물전분,12
쇠고기,12
검은깨,12
대패삼겹살,12
브로컬리,12
파슬리,12
바지락,12
쑥갓,12
화이트와인,12
치커리,12
칵테일새우,12
마늘기름,11
굴소스,11
인삼,11
들깨가루,11
머스터드,11
실곤약,11
어묵,11
삼겹살,11
두유,11
블루베리,11
다진대파,11
밤,11
삶은,10
볶은소금,10
메추리알,10
플레인요거트,10
식빵,10
플레인,10
전복,10
영양부추,10
건포도,10
저염된장,10
레몬주스,10
건다시마,10
마,10
케첩,10
관자,10
저염,9
마른,9
박력분,9
달걀흰자,9
녹말,9
함초소금,9
현미유,9
건새우,9
미니파프리카,9
참치,9
국멸치,9
생강다진것,9
상추,9
닭고기살,9
곤약,9
라이스페이퍼,8
토마토케첩,8
크랜베리,8
튀김가루,8
물양념,8
베이킹파우더,8
키위,8
노랑파프리카,8
당면,8
콩기름,8
돼지등심,8
라면,8
고운,8
오레가노,8
사과식초,8
알배추,8
견과류,8
더덕,7
새우젓,7
깨,7
이스트,7
파슬리다진것,7
순두부,7
고추기름,7
고사리,7
통마늘,7
와사비,7
적양배추,7
건표고버섯,7
토마토페이스트,7
말린,7
토마토소스,7
오렌지주스,7
연두부,7
떡볶이떡,7
백김치,7
흰후춧가루,7
모시조개,6
오미자,6
수삼,6
새우살,6
낙지,6
함초,6
소시지,6
미니단호박,6
케일,6
레드와인,6
취나물,6
강황가루,6
미숫가루,6
판젤라틴,6
달걀노른자,6
달걀물,6
홍합,6
홍시,6
파다진것,6
모짜렐라치즈,6
어린잎채소,6
새싹,6
목이버섯,6
겨자가루,6
스파게티,6
어간장,6
황설탕,6
굵은고춧가루,5
소면,5
사워크림,5
검은콩,5
굴,5
닭,5
식용꽃,5
민트,5
은행,5
파프리카가루,5
청포묵,5
황파프리카,5
돼지갈비,5
천일염,5
당근다진것,5
유부,5
메밀면,5
체리,5
통조림햄,5
쇠고기등심,5
묵은지,5
도라지,5
겨자,5
멸치액젓,5
참외,5
매운 라면,5
파르메산,5
고등어,5
쌀가루,5
콜리플라워,5
발사믹소스,5
건미역,5
콜라비,5
가지색,5
배즙,5
딸기,5
오리고기,5
진간장,5
액젓,5
감자전분,5
포도주스,5
콩가루,5
꽃게,5
연겨자,5
적양파,5
크림치즈,5
호박씨,5
검정깨,4
대패 삼겹살,4
전분가루,4
라임즙,4
황태,4
양파즙,4
양파당근,4
빨강파프리카,4
통조림,4
레디쉬,4
래디쉬,4
딸기잼,4
톳,4
크래미,4
건고추,4
할라피뇨,4
블랙올리브,4
식물성기름,4
쌀밥,4
노랑,4
토마토콩카세,4
치자,4
옥수수,4
아몬드슬라이스,4
타임,4
마늘가루,4
사과주스,4
코다리,4
냉동새우,4
빨강,4
흑미,4
통밀가루,4
통삼겹,4
부침가루,4
피클,4
호상요구르트,4
달래,4
문어,4
적채,4
생강가루,4
장어,4
수박,4
불닭볶음면,4
골뱅이,4
곶감,4
쇠고기다진것,4
소주,4
닭다리살 정육,4
닭다리살,4
호박잎,4
홀토마토,4
배춧잎,4
날치알,4
다진소고기,4
잔멸치,4
청고추다진것,4
깐양파,4
누룽지,4
삼색파프리카,4
셀러리,4
바게트,4
꽈리고추,4
날콩가루,4
홀그레인,4
삼치,4
스테비아,4
바질잎,4
다진홍고추,4
다시마국물,4
팥,4
호박,4
로메인,3
삼계탕,3
차이브,3
저염국간장,3
애느타리버섯,3
생표고버섯,3
자색고구마,3
자몽,3
알마늘,3
애플민트,3
연유,3
오레가노마른것,3
버섯마늘소금,3
콩비지,3
부순,3
라임주스,3
볶은현미,3
불고기용 돼지고기,3
새송이,3
레드어니언,3
백일송이,3
레몬제스트,3
백미,3
새싹채소,3
백년초가루,3
캔참치,3
배추잎,3
배추김치,3
조개,3
자른 김치,3
칠리소스,3
마늘오일,3
멜론,3
청홍고추,3
젤라틴,3
청피망다진것,3
요구르트,3
메밀가루,3
슈레드,3
무염버터,3
슬라이스햄,3
젓갈,3
캐슈넛,3
멥쌀,3
우리밀가루,3
모차렐라치즈,3
사이다,3
슬라이스,3
청국장가루,3
모짜렐라 치즈,3
우동면,3
춘권피,3
미림,3
소라살,3
소금후춧가루,3
아몬드가루,3
쑥갓육수,3
카스텔라,3
사과즙,3
쑥,3
막걸리,3
모짜렐라,3
쌈장,3
바질마른것,3
바질가루,3
쌀뜨물,3
바지락살,3
치즈슬라이스,3
조,3
망고,3
미역,3
매생이,3
스파게티면,3
치즈가루,3
광어,3
다진청고추,3
두릅,3
달걀빵가루,3
햄,3
홍고추다진것,3
다진생강,3
고추냉이,3
해바라기씨,3
훈제,3
돼지호박,3
다진파,3
피클링스파이스,3
가쓰오부시,3
토마토 소스,3
탄산수,3
한천,3
돌나물,3
가자미,3
대하,3
냉동만두,3
대두유,3
대구살,3
귀리밥,3
포도,3
가다랑어포,3
또띠아,3
곤드레나물,3
당근양파,3
깐마늘,3
각종 야채,3
홍파프리카,3
닭봉,3
파채,3
다시마물,3
까나리액젓,3
땅콩버터,3
포도씨유,3
도토리묵,3
다진쇠고기,3
도미살,3
표고버섯마른것,3
귀리,3
펜네,2
스리라차,2
다시마육수,2
고추,2
백년초,2
순무,2
다시멸치,2
다시마양념,2
백일송이버섯,2
백후추,2
백후춧가루,2
홍피망다진것,2
버섯,2
쥬키니호박,2
중력분,2
다진돼지고기,2
계피,2
스리라차소스,2
생김,2
파인애플주스,2
당귀잎,2
식혜,2
참치캔,2
닭다릿살,2
식초물녹말,2
미니양배추,2
닭가슴살후춧가루,2
파프리카당근,2
미역마른것,2
미향,2
민들레,2
식용,2
밀가루달걀,2
와인,2
우민찌,2
달걀밥,2
황태채,2
바질다진것,2
시금치당근,2
요리당,2
바질약간,2
게맛살,2
게살,2
요리술,2
패주,2
단무지,2
우동사리,2
찬밥,2
차돌박이,2
워터크레스,2
어슷,2
수삼양파,2
자숙새우,2
설탕다진,2
저지방우유,2
꼬막,2
꼬치,2
기름,2
설탕식초,2
삶은달걀,2
냉면 육수,2
해물육수,2
산마,2
적파프리카,2
근대,2
자두,2
일본된장,2
새송이버섯표고버섯,2
저염치즈,2
깻잎장아찌,2
설탕꿀,2
김가루,2
잣가루,2
서리태,2
현미찹쌀,2
생선살,2
샐러리다진것,2
현미밥,2
깐연근,2
깐생강,2
깐밤,2
생강정종,2
깐대파,2
생모짜렐라치즈,2
소고기저염간장,2
사골육수,2
보리,2
천도복숭아,2
손질된,2
북어,2
조미술,2
쇠고기갈은것,2
부추두부,2
조청,2
홍초,2
사골곰탕 육수,2
유기농,2
주키니호박당근,2
복숭아,2
주황파프리카,2
죽순,2
보리쌀,2
조랭이떡,2
조기,2
녹차가루,2
소불고기,2
불린쌀,2
율무,2
플레인요구르트,2
젖은,2
정향,2
비름나물,2
소금밀가루,2
소금달걀,2
노란,2
피스타치오,2
빵가루튀김기름,2
피자치즈,2
인스턴트,2
파인소프트,2
밀가루육수,2
돼지고기다진것,2
코코넛밀크,2
맥주,2
열무김치,2
데친,2
토란,2
머스터드소스,2
오이양파,2
가자미살,2
통삼겹살,2
아귀,2
오이피클,2
청파프리카,2
대파육수,2
간편,2
로즈메리,2
건,2
드라이이스트,2
오트밀,2
후춧가루양념,2
타임마른것,2
코코넛,2
들깨,2
레몬주수,2
타임다진것,2
강낭콩,2
아욱,2
도미,2
물다진,2
오레가노가루,2
갈은,2
카놀라유,2
휘핑크림,2
만두피,2
토마토양파,2
칼국수 라면,2
치킨육수,2
돼지고기살코기,2
마늘종,2
감식초,2
오이고추,2
돼지고기 뒷다리살,2
영콘,2
캔옥수수,2
동태포,2
망고퓨레,2
커민,2
흑설탕,2
컬리플라워,2
돈가스소스,2
두반장,2
레몬소금,2
멕시코고추,2
멸치육수,2
콩고기,2
파래김,2
레드와인식초,2
무가당,2
옥수수캔,2
흰살생선,2
당근표고버섯,2
대파마늘,2
건멸치,2
후춧가루밀가루,2
파스타,2
얼음,2
무청시래기,2
양파토마토,2
라즈베리,2
떡,2
파스타면,2
당근양념,2
어린이치즈,2
크렌베리,2
얼갈이,2
목살,2
무양파,2
대추고,2
콩,2
쌈무,2
쌈다시마,2
청국장,2
디존,2
등갈비,2
야채육수,2
흰살,1
연겨자소스,1
혼다랑어가쓰오부시,1
잡곡,1
혼합견과,1
흑마늘진액,1
오가피,1
오곡,1
얼린,1
오곡밥,1
으깬두부소금,1
얼갈이배추육수,1
현미휴,1
잎녹차,1
흰앙금,1
잡곡밥,1
육수월계수잎,1
저염간장녹말가루,1
육수우유,1
잘게,1
훈제오리가슴살,1
흰추후,1
홀그레인머스터드,1
잔새우살다진것,1
홀스레디쉬,1
오레가노다진것,1
호박가루백년초가루,1
연두부큰것,1
현미튀밥,1
흰목이버섯,1
흰다리새우,1
연근고기,1
호밀가루,1
호두귀리,1
자른김치,1
흰깨,1
일식된장,1
에멘탈,1
얼린포도알,1
현미쌀가루,1
에벤탈치즈,1
잡곡밥흑미,1
잣대추,1
현미쌀,1
일본,1
호박고구마스프고구마,1
흑설탕발사믹드레싱,1
흰로즈케일,1
저나트륨,1
인삼올리브오일,1
엿기름,1
호이트와인,1
저나트륨소금,1
연근당근,1
자몽주수,1
이태리시즈닝,1
후춧가루레몬소스,1
홍,1
옥수수알,1
올방개묵,1
와사미,1
황태해장국황태,1
후춧가루빠금장소스,1
옥수수전분,1
황태포양념,1
완두콩알,1
황태육수,1
후춧가루생강즙,1
옥수수가루플렌타가루,1
화이트크림,1
후춧가루소금,1
요플레,1
우동,1
옥수수 캔,1
우동 라면,1
우동 사리,1
황도배,1
후춧가루스파게티,1
황금팽이버섯,1
후르츠칵테일,1
후춧가루부추,1
후추가루,1
후추약간,1
올리브오일밀가루,1
후춧가루떡볶이떡,1
올리브오일설탕,1
후춧가루마늘,1
올리브오일소금,1
후춧가루매실액,1
올리브오일모짜렐라치즈,1
올리브오일실곤약,1
올리브오일토마토소스,1
올리브오일후춧가루,1
후춧가루두부,1
올리브유브로컬리,1
올리브,1
올리브유사과드레싱,1
올리브유소스,1
후춧가루다진소고기,1
올리브유엑스트라버전,1
후춧가루다시마,1
옥수수콘,1
오징어다진,1
우렁,1
육개장 컵라면,1
오릴브오일,1
오미자엑기스,1
오미자액,1
홍토마토,1
후춧가루튀김가루,1
홍초설탕,1
월계수잎마른것,1
후춧가루파프리카,1
월계수잎정향,1
월계수잎통후추,1
홍초물,1
우렁이,1
유산지,1
홍고추마른것,1
후춧가루하얀된장,1
유자청매실액,1
오리엔탈소스,1
훈재연어,1
오렌지주스차돌박이,1
훈제연어,1
홍고추고춧가루,1
후춧가루통깨,1
후춧가루찹쌀가루,1
울금가루,1
오미자청,1
화이트,1
우무묵,1
홍합살,1
후춧가루올리브오일,1
우삼겹,1
후춧가루우유,1
후춧가루저염간장,1
오이파인애플,1
후춧가루저염버터,1
우스터소스,1
후춧가루적당량,1
홍합바지락,1
우유녹차가루,1
오이소금,1
우유다진,1
우유모짜렐라치즈,1
우유생크림,1
우육,1
후춧가루정종,1
저염간장대파,1
크래비,1
현미가루,1
통후추식용유,1
파래,1
튀김기름키위,1
튀김기름양송이버섯,1
튀김기름브로컬리,1
청국장유,1
청상추,1
통후추올리브유,1
청양고추대파,1
청양고추백합,1
청양고추양념,1
청양고추양념장,1
통후추올리고당,1
통후추부순것,1
파마산가루,1
통조림콩,1
청주보리새우,1
통오징어,1
통아몬드,1
청포도,1
통생강,1
청피망파프리카,1
통배추,1
통마늘양념,1
체리토마토,1
쳥양고추,1
초코우유,1
파마산,1
파마산치즈가루,1
초콜릿,1
참치 한캔,1
파프리카오이,1
참깨허브타르타르드레싱,1
참께,1
파프리카소고기,1
파프리카붉은,1
파프리카방울토마토,1
파프리카밀가루,1
참나물깻잎,1
파프리카느타리,1
참다래,1
참마,1
참취,1
참치살,1
청고주,1
참치소스,1
파인애플표고버섯,1
파인애플통조림,1
찹쌀가루청국장소스,1
채소,1
파슬리가루올리브유,1
채소국물,1
천연다시다,1
천연조미료,1
파슬리가루소스,1
청경재,1
청경채누룽지,1
초코파이,1
치아바타,1
저염간장생크림,1
코코넛워터,1
케이퍼,1
토르티야,1
탈지분유,1
케일참치밑간,1
케찹,1
탈리아텔레,1
케첩생크림,1
케첩올리고당,1
타피오카,1
코리앤더,1
코리앤더가루,1
코리앤더파우더,1
타비스코,1
커피,1
타바스코,1
키친 오브 인디아 커리,1
키조개관자,1
키위파인애플,1
키엔페퍼,1
크림소스캐슈넛,1
크림,1
콩나물배추,1
콩나물양념,1
크래커,1
콩비지양념,1
퀴노아,1
케이엔페퍼약간,1
커민파우더,1
통깨후춧가루,1
카레가루현미쌀,1
통깨어린잎,1
치자가루,1
통깨배,1
통계피,1
치즈밀가루,1
토마토홀,1
치킨스톡,1
토마토토마토페스트,1
토마토양념,1
칠리소스가쯔오부시,1
토마토비트,1
카레가루녹말가루,1
토마토모짜렐라치즈,1
토마토닭육수,1
카스텔라가루,1
카엔페퍼,1
토마토라면스프,1
카옌,1
칵테일,1
토마토두부,1
칵텔새우스파게티,1
칼국수면,1
토마토된장양념,1
캐슈넛잣,1
캔,1
토마토돼지고기,1
참깨톳,1
참깨두부강된장,1
참깨간장소스,1
정종백김치,1
한돈,1
핑크,1
전복살,1
전복소라,1
전복육수,1
피클소,1
절임,1
절임물,1
절편,1
피시볼반죽,1
피쉬소스,1
정종대추,1
피망채친것,1
적포도주,1
정종설탕,1
정종찹쌀가루,1
풋사과,1
제빵개량제,1
제철과일,1
풋마늘,1
푸실리,1
표고버섯팽이버섯,1
표고버섯양파,1
조개살,1
표고버섯애호박,1
조갯살,1
전립분,1
할라피뇨다진것,1
파프리카청피망,1
저염소금,1
저염간장올리고당,1
헤이즐넛,1
허브타르타르드레싱,1
저염된장육수,1
저염버터,1
저염버터양송이,1
허브크러스트,1
저염베이컨동태포,1
허브식초,1
저염베이컨바질가루,1
저염살라미,1
허브소금,1
저염소금와사비,1
함초가루,1
허니머스터드소스,1
저염소금후춧가루,1
저염진간장,1
저염치즈우유,1
적겨자,1
햄다진것,1
해초소스,1
해초,1
해조국수,1
적양파양파,1
해선장,1
함초양념장,1
표고버섯소금,1
조랭이,1
조랭이떡다시마육수,1
참기름두릅,1
펜넬파스타,1
페페론치노,1
쭈꾸미,1
팽이버섯쪽파,1
찌개용 돼지고기,1
찌개용 돼지고기 앞다리살,1
찜갈비,1
팽이버섯당면,1
찰깨빵,1
찰보리,1
팽이버섯달걀,1
찰어묵,1
참기름반죽양념,1
표고버섯새송이버섯,1
팽이,1
참기름양념,1
참기름육수,1
참기름적당량,1
참기름찹쌀현미밥,1
참기름통깨,1
팥앙금,1
팔각,1
참기름후춧가루,1
판곤약,1
파프리카후춧가루,1
파프리카토마토,1
쫄면,1
포도식초,1
쪽파육수,1
쪽갈비,1
조선무,1
조선부추,1
좁쌀,1
표고버섯붉은,1
표고버섯가루,1
주꾸미미나리볶음고추장,1
주재료만두피,1
포항초,1
주재료밥,1
주키니호박,1
포카치아빵,1
주황,1
죽순양파,1
죽순통조림,1
줄기토마토,1
포두부,1
증편,1
포도주스양파,1
진달래꽃,1
포도주,1
진라면 순한맛,1
진미채,1
짜장라면,1
짬뽕 라면,1
짬뽕라면,1
피넷버터,1
LA갈비,1
어린잎채소쇠고기,1
당근홍파프리카,1
대파양파,1
대파식용유,1
대파생크림,1
대파뿌리,1
대파버터,1
대파방울토마토,1
대파무,1
대파떡볶이떡,1
대파두부,1
대파당근,1
대파달걀,1
대추표고버섯,1
대추슬라이스,1
대추블루베리소스,1
대왕오징어채,1
대구,1
당면숙주,1
대파저염된장,1
대파채친것,1
대파청양고추,1
돈육,1
돼지고기쇠고기,1
돼지고기사태,1
돼지고기목살,1
돼지고기갈은것,1
돼지감자가루,1
돼지 갈비,1
동치미,1
돈민찌,1
대파홍고추,1
돈등심,1
돈나물,1
데쳐서,1
데미글라스,1
데리야키소스달걀,1
덧밀가루애호박,1
대파홍합,1
당면불린것,1
당근퓨레,1
다진 마늘,1
당근토마토,1
달걀육수,1
달걀유자청간장소스,1
달걀문어,1
달걀모짜렐라치즈,1
달걀녹말가루,1
달걀노른자육수,1
단호박작은것,1
단호박브로콜리,1
단호박바나나,1
단호박가루생크림,1
단배추,1
단단한,1
단감,1
다진쪽파,1
다진애호박,1
다진소고기다진,1
다진마늘토마토,1
달걀지단,1
달걀흰자소스,1
닭가슴살밥,1
당근녹말가루,1
당근채썬것,1
당근참기름,1
당근주스,1
당근적채,1
당근셀러리,1
당근브로컬리,1
당근라이스페이퍼,1
당근깻잎,1
닭가슴살톳,1
당근갈은것,1
닭정육,1
닭육수닭밑간양념,1
닭발,1
닭날개,1
닭고기살다진마늘,1
닭고기가슴살,1
돼지고기양념,1
돼지껍데기,1
돼지등갈비,1
돼지머리,1
리코타치즈양상추,1
리치캔,1
르뱅,1
르네디종,1
루콜라,1
루꼴라,1
로메인상추,1
레시틴가루,1
레몬즙설탕,1
레몬쥬스,1
레몬물녹말,1
레몬레드와인,1
레몬껍질,1
레몬그라스,1
레드크러쉬드,1
레드치커리,1
래디시,1
마늘m,1
마늘고춧가루,1
마늘밀가루,1
마늘즙,1
마른미역줄기,1
마른미역,1
마라탕 소스,1
마늘파프리카,1
마늘커리가루,1
마늘칩,1
마늘참기름,1
마늘육수,1
마늘버터,1
마늘우유,1
마늘옥수수,1
마늘양파,1
마늘양념,1
마늘식용유,1
마늘소스,1
마늘빵가루,1
락교,1
라임청,1
라임,1
두부김치,1
드라이토마토,1
드라이,1
두절콩나물,1
두부육수,1
두부애호박,1
두부면,1
두부달걀,1
두부굴림만두,1
디종머스터드,1
두가지,1
두,1
된장국두부,1
된장고춧가루,1
돼지호박갈은것,1
돼지목살다진것,1
돼지목살,1
들깨가루밀가루,1
디포리,1
라이스페퍼,1
떡볶이,1
라면육수,1
라면양념,1
라면스프,1
라디치오,1
또띠아인치,1
떡육수,1
떡볶이떡저염간장,1
떡국,1
따뜻한,1
떡 사리,1
땅콩호박,1
땅콩잼,1
땅콩다진것,1
땅콩기름,1
딸기쨈,1
따뜻한물,1
다진당근,1
다진 돼지고기,1
어린잎잣,1
건조다시마,1
견과류단촛물,1
게피,1
게살냉동,1
검정깨묵,1
검은콩튀밥,1
검은콩두유,1
검은콩두부,1
검은콩가루,1
검은,1
건홍고추,1
건함초,1
건타임,1
건크랜베리,1
건취나물,1
건조토마토,1
건조체리,1
건조미역줄기,1
계피가루적당량,1
고구마순,1
고기 만두,1
골뱅이 통조림,1
국수,1
국물용,1
국거리용 소고기,1
구기자,1
과일,1
과메기,1
곰피,1
곤약미,1
고사리표고버섯,1
곤약국수,1
고형카레,1
고춧가루소스,1
고춧가루발,1
고춧가루된장육수,1
고추피클,1
고수,1
건조미역,1
건새우들깨가루,1
다시물,1
건바질,1
간편어간장,1
간짬뽕,1
간장소스,1
간장생강,1
간장물,1
각종,1
가지연근,1
가지양파,1
가지두부,1
가지가래떡,1
가시오가피,1
가루녹차,1
가래떡,1
가람마살라,1
가다랑어포조림양념,1
가다랑어포육수,1
가다랑어포양념,1
갈아만든 배음료,1
갈치,1
감귤,1
거피한,1
건목이버섯,1
건로즈메리,1
건로즈마리,1
건두부,1
건도토리묵,1
건대추,1
건곤드레,1
거피들깨가루,1
감말랭이,1
거피녹두,1
강황쌀,1
강황,1
갑오징어,1
감자전분밀가루,1
감자버터,1
감자무,1
굵게,1
굵은소금,1
굵은소금적당량,1
귤,1
녹말가루깻잎,1
노른자,1
노루궁뎅이버섯,1
노란파프리카물녹말,1
노란콩,1
노란색,1
노두유,1
넛맥가루,1
넛맥,1
넉맥약간,1
냉이,1
냉스프두부,1
냉동홍시,1
냉동딸기,1
냉동고등어,1
냉동 새우,1
냉동 만두,1
녹말가루다진,1
녹말가루달걀,1
녹말가루달걀흰자,1
느타리버섯버터,1
다시마보리된장,1
다시마물아귀찜양념,1
다시마마늘,1
다시마가루,1
다슬기살,1
느타리벗서,1
느타리버섯표고버섯,1
느타리,1
녹말가루삼색분말,1
누룽지가루,1
누룩소금,1
논우렁,1
녹차소금,1
녹인,1
녹말물육수,1
녹말물,1
냉동 돈가스,1
낫토,1
납작,1
그린빈,1
김장김치,1
김밥용 김,1
김밥용,1
금태,1
그린커리페이스트,1
그린치커리,1
그린빈스,1
그린비타민,1
김치떡볶이떡,1
그린,1
그릭요거트,1
그라놀라,1
그라나파다노치즈,1
그라나파다노,1
귤통조림,1
귤병,1
김치두부,1
까망베르치즈,1
날콩가루육수,1
꼬치용,1
낙지다리,1
나무막대기,1
꿀토마토소스,1
꿀올리브유,1
꽈리고추조림장,1
꽁치살,1
꽁치,1
깻잎홍파프리카,1
깍두기,1
깻잎육수,1
깻잎양파,1
깻잎순,1
깻잎당근,1
깻잎느타리버섯,1
깐호두,1
깐들깨가루,1
마요네즈매실액,1
마요네즈머스터드소스,1
마요네즈설탕,1
소금고춧가루,1
쇠고기육수느타리버섯,1
쇠고기안심,1
쇠고기샄코기,1
쇠고기살코기,1
쇠고기사태,1
쇠고기레드와인,1
쇠고기구이용,1
소시지 핫바,1
소라,1
소등심,1
소금양파,1
소금양념,1
소금소고기,1
소금생크림,1
소금비빔소스,1
소금물,1
소금다진,1
수란,1
수박껍질,1
수수,1
스리라차 소스,1
스팸,1
스파게티 라면,1
스트링치즈,1
스트로베리,1
스테이크두부,1
스테이크,1
스위트칠리,1
슈가파우더,1
수수쌀,1
순두부저염재래된장,1
순두부육수,1
순두부양념,1
순대,1
숙주양파,1
숙주쌀,1
숙주대파,1
소금녹말가루,1
소고기참기름,1
마요네즈통조림,1
소고기우둔살,1
생선육수,1
생생우동,1
생새우,1
생밤,1
생면,1
생강즙카레가루,1
생강쇠고기,1
생강물녹말,1
샐러리잎,1
새우젓육수,1
새우젓국물,1
새우젓국,1
새우살다진것,1
새우다진것,1
새우가루,1
새싹채소완두콩드레싱,1
새싹채소양념,1
생오리고기,1
생이스트,1
생치즈,1
설탕적당량,1
소고기등심,1
소,1
셀러리다진것,1
세발나물양념,1
설탕홍파프리카,1
설탕허브오일드레싱,1
설탕파프리카,1
설탕올리고당,1
석류,1
설탕시럽,1
설탕소금,1
설탕브로컬리,1
설탕매실액,1
석박지,1
가다랑어장국,1
석류주스,1
슬라이스 유부,1
슬라이스 치즈,1
슬라이스아몬드,1
슬라이스연어,1
양배추얇게,1
양배추라면,1
양배추깻잎,1
양념족발,1
양고기,1
얇게,1
야채국물,1
야채,1
앤쵸비,1
앤다이브,1
애호박양파,1
애플민트잎,1
앞다리살,1
알파벳파스타,1
알토란,1
알감자,1
안심,1
양배추파프리카,1
양상추감자,1
양상추어린잎채소,1
양파버터,1
양파홍파프리카,1
양파해초,1
양파청양고추,1
양파저염버터,1
양파오이,1
양파애호박,1
양파소금,1
양파마늘,1
양상추홍고추,1
양파다진,1
양파노란,1
양파가루,1
양파 등 각종 채소,1
양조식초,1
양송이양파,1
양송이새우,1
아이스크림,1
아삭이고추,1
아보카도작은것,1
시판,1
식초올리브오일,1
식초양상추,1
식초생강즙,1
식초고기,1
식초겨자소스,1
식용유정종,1
식물성,1
시래기불린것,1
식초함초가루,1
시래기,1
시금치우유,1
시금치소금,1
시금치마른,1
시금치대파,1
시금치가루,1
슬라이스치즈,1
식초저염간장,1
신선초,1
아몬드밀가루,1
쌈채,1
아가베,1
씨겨자,1
쑥갓완자,1
쑥갓반죽,1
쑥갓느타리버섯,1
쑥가루,1
쌍화탕,1
쌀튀밥,1
실고추,1
쌀떡,1
쌀국수면,1
쌀국수가는것,1
쌀국수 매운맛,1
쌀국수,1
쌀겨,1
실치,1
새싹오렌지소스,1
새싹밥,1
새송이벗서,1
발사믹크림,1
미나리육수,1
미나리숙주,1
물필요량,1
물파래,1
물토마토소스,1
물오징어,1
물양념장,1
물밤다진것,1
물미지근한것,1
물된장양념,1
물녹말,1
물김치국물,1
무화과,1
무청,1
무장아찌,1
무우,1
무순닭고기,1
미나리잎장식,1
미나리주먹밥,1
미니버섯,1
바닐라빈,1
발사믹소스양파,1
발사믹,1
반숙란,1
바케트빵,1
바질페스토,1
바질럽드,1
바지락저염된장,1
바나나식초,1
미니사과,1
바나나슬라이스,1
밀가루중력분,1
밀가루박력분,1
미소된장,1
미더덕,1
미니새송이버섯,1
미니새송이,1
무말랭이,1
명태포,1
명태,1
맛술저염간장,1
매실장아찌,1
매실원액,1
매실엑기스,1
매실액생강즙,1
매실액대파,1
매실식초,1
매실농축액,1
맛술양파,1
매운라면,1
맛술설탕,1
맛소금,1
맛살,1
만송이버섯,1
만두피저염간장양념,1
마카다미아,1
마요네즈파슬리가루,1
매운고춧가루,1
머스타드,1
명이김치,1
메이플시럽,1
명란젓,1
멸치중간것,1
멸치마늘,1
멸치다시마육수양념,1
멸치다시마국물,1
멸치간장,1
멸치 칼국수 라면,1
메밀묵,1
머스터드조스,1
메밀 국수,1
메닐튀밥,1
멍게살,1
먹물파스타,1
먹물,1
머윗대,1
머위대,1
발사믹크레마,1
발효겨자,1
새송이버섯양파,1
밤고구마,1
빨간,1
비트가루,1
비타민유자드레싱,1
비엔나 소시지,1
블루베리잼,1
블랙초콜릿,1
브로컬리새송이,1
브로컬리다진것,1
브러컬리,1
붉은피망양파,1
붉은고추,1
불린미역,1
불고기용 소고기,1
불고기용 돼지고기 앞다리살,1
분유,1
북엇국북어채,1
북어채,1
빨간파프리카,1
뽕잎가루,1
뽕잎가루치자가루,1
사리곰탕 라면,1
새송이버섯양념,1
새송이버섯부추,1
새뱅이,1
상추/로메인,1
삼계탕용,1
살사소스,1
산딸기,1
사과케첩,1
뽕잎국수치자국수,1
사과쥬스,1
사과종,1
사과작은것,1
사과오이,1
사과설탕,1
사골라면,1
사각,1
부추표고버섯,1
부추편마늘,1
부추소스,1
배다진,1
버거빵,1
백새우,1
백만송이버섯,1
백련초가루,1
백년초국수,1
백년초가루호박가루,1
백김치비트,1
방울토마토육수,1
버섯볶음새송이버섯,1
방울토마토올리브오일,1
방울토마토배사과소스,1
방아잎,1
밥채,1
밥새싹채소,1
밥대파,1
밥감자,1
버섯가루,1
버터치킨스톡,1
부추돼지고기,1
복분자소스,1
부추견과류,1
부챗살,1
봄동,1
볶음밥,1
볶은통깨,1
볶은율무,1
볶은수수,1
복분자,1
베이비채소,1
보릿가루,1
보리미나리,1
보리된장,1
병아리콩,1
베이킹소다,1
베이킹,1
베이컨마늘,1
석류즙,1
